{"lr-Adam": 1e-05, "trainer/global_step": 45387, "_timestamp": 1711045174.1942086, "_runtime": 53397.069957733154, "_step": 56811, "train_auroc": 0.5955491567256274, "train_ap": 0.00761315630499327, "train_loss_step": 6.004716396331787, "epoch": 27, "valid_loss_step": 4.219762325286865, "valid_auroc": 0.49883697836429863, "valid_ap": 0.013154582981316934, "valid_loss_epoch": 4.21498966217041, "train_loss_epoch": 6.083520412445068, "_wandb": {"runtime": 53467}}