{"lr-Adam": 0.0001, "trainer/global_step": 0, "_timestamp": 1712859641.4519038, "_runtime": 40.42902088165283, "_step": 0, "_wandb": {"runtime": 50}}