{"lr-Adam": 1e-06, "trainer/global_step": 0, "_timestamp": 1712869079.7680538, "_runtime": 73.63566374778748, "_step": 0, "_wandb": {"runtime": 92}}