{"lr-Adam": 1e-05, "trainer/global_step": 43766, "_timestamp": 1711043104.104885, "_runtime": 59988.69387412071, "_step": 54782, "train_auroc": 0.5116864321608041, "train_ap": 0.005801702600292987, "train_loss_step": 6.096310615539551, "epoch": 26, "valid_loss_step": 4.227137565612793, "valid_auroc": 0.49176291784477827, "valid_ap": 0.012285607732136838, "valid_loss_epoch": 4.227685928344727, "train_loss_epoch": 6.078102111816406, "_wandb": {"runtime": 60111}}