{"lr-Adam": 1e-06, "trainer/global_step": 0, "_timestamp": 1713056053.8261101, "_runtime": 36.17677712440491, "_step": 0, "_wandb": {"runtime": 46}}