{"lr-Adam": 0.0001, "trainer/global_step": 0, "_timestamp": 1712796013.3783774, "_runtime": 36.826207399368286, "_step": 0, "_wandb": {"runtime": 46}}