{"lr-Adam": 0.0001, "trainer/global_step": 0, "_timestamp": 1712855832.9665468, "_runtime": 51.66561675071716, "_step": 0, "_wandb": {"runtime": 65}}