{"lr-Adam": 1e-06, "trainer/global_step": 0, "_timestamp": 1713056309.8016331, "_runtime": 10.027498006820679, "_step": 0, "_wandb": {"runtime": 9}}