{"lr-Adam": 0.0001, "trainer/global_step": 0, "_timestamp": 1712859942.2257574, "_runtime": 36.95215129852295, "_step": 0, "_wandb": {"runtime": 47}}