{"lr-Adam": 0.0001, "trainer/global_step": 0, "_timestamp": 1712288711.5901155, "_runtime": 39.01976561546326, "_step": 0, "_wandb": {"runtime": 49}}