{"lr-Adam": 0.0001, "trainer/global_step": 0, "_timestamp": 1712807577.9991226, "_runtime": 38.29878759384155, "_step": 0, "_wandb": {"runtime": 48}}