{"lr-Adam": 0.0001, "trainer/global_step": 0, "_timestamp": 1712796131.2622964, "_runtime": 36.99233841896057, "_step": 0, "_wandb": {"runtime": 47}}