{"lr-Adam": 0.0001, "trainer/global_step": 0, "_timestamp": 1712859788.1877182, "_runtime": 38.12463116645813, "_step": 0, "_wandb": {"runtime": 48}}