{"lr-Adam": 0.0001, "trainer/global_step": 0, "_timestamp": 1712860094.4930995, "_runtime": 50.805474519729614, "_step": 0, "_wandb": {"runtime": 149}}