{"lr-Adam": 0.0001, "trainer/global_step": 0, "_timestamp": 1712859453.313051, "_runtime": 40.489240884780884, "_step": 0, "_wandb": {"runtime": 51}}