{"lr-SGD": 0.01, "trainer/global_step": 0, "_timestamp": 1712860617.6735246, "_runtime": 37.6250855922699, "_step": 0, "_wandb": {"runtime": 47}}