{"lr-SGD": 0.01, "trainer/global_step": 0, "_timestamp": 1712860271.9767585, "_runtime": 53.3003294467926, "_step": 0, "_wandb": {"runtime": 66}}