{"lr-Adam": 0.0001, "trainer/global_step": 0, "_timestamp": 1712368801.7279515, "_runtime": 36.47600555419922, "_step": 0, "_wandb": {"runtime": 46}}