{"lr-Adam": 0.0001, "trainer/global_step": 0, "_timestamp": 1712359262.4885726, "_runtime": 36.56547665596008, "_step": 0, "_wandb": {"runtime": 46}}