{"lr-Adam": 0.0001, "trainer/global_step": 0, "_timestamp": 1712856057.3548424, "_runtime": 52.2356653213501, "_step": 0, "_wandb": {"runtime": 3388}}