{"lr-SGD": 0.01, "trainer/global_step": 0, "_timestamp": 1712860470.6755304, "_runtime": 52.624998331069946, "_step": 0, "_wandb": {"runtime": 66}}