{"lr-Adam": 1e-05, "trainer/global_step": 48629, "_timestamp": 1711045415.6804729, "_runtime": 57013.36530280113, "_step": 60869, "train_auroc": 0.5125802347357435, "train_ap": 0.0020109734651472646, "train_loss_step": 6.149942398071289, "epoch": 29, "valid_loss_step": 4.195924758911133, "valid_auroc": 0.4954481744401325, "valid_ap": 0.012656054152469023, "valid_loss_epoch": 4.189556121826172, "train_loss_epoch": 6.0778961181640625, "_wandb": {"runtime": 57072}}