{"lr-SGD": 0.0001, "trainer/global_step": 0, "_timestamp": 1712868670.1681101, "_runtime": 81.08543801307678, "_step": 0, "_wandb": {"runtime": 99}}