{"lr-Adam": 1e-06, "trainer/global_step": 0, "_timestamp": 1712869785.7267933, "_runtime": 72.78409838676453, "_step": 0, "_wandb": {"runtime": 91}}