{"lr-Adam": 0.0001, "trainer/global_step": 0, "_timestamp": 1712772633.9466455, "_runtime": 38.12305760383606, "_step": 0, "_wandb": {"runtime": 47}}