{"lr-Adam": 0.0001, "trainer/global_step": 0, "_timestamp": 1712798236.3799713, "_runtime": 37.22882318496704, "_step": 0, "_wandb": {"runtime": 47}}