{"lr-Adam": 0.0001, "trainer/global_step": 0, "_timestamp": 1712794995.2726653, "_runtime": 37.61681032180786, "_step": 0, "_wandb": {"runtime": 47}}